Brand,Series,Model
ThinkPad,E14,Gen-5-AMD
ThinkPad,E14,Gen-5-AMD
ThinkPad,E14,Gen-5-Intel
ThinkPad,E14,Gen-6-AMD
ThinkPad,E14,Gen-6-Intel
ThinkPad,E14,Gen-7-Intel
ThinkPad,E16,Gen-1-AMD
ThinkPad,E16,Gen-1-Intel
ThinkPad,E16,Gen-2-AMD
ThinkPad,E16,Gen-2-Intel
ThinkPad,E16,Gen-3-Intel
ThinkPad,L13,2-in-1-Gen-5-Intel
ThinkPad,L13,2-in-1-Gen-5-Intel
ThinkPad,L13,Gen-4-AMD
ThinkPad,L13,Gen-4-Intel
ThinkPad,L13,Gen-5-Intel
ThinkPad,L13,Yoga-Gen-4-AMD
ThinkPad,L13,Yoga-Gen-4-Intel
ThinkPad,L14,Gen-4-AMD
ThinkPad,L14,Gen-4-Intel
ThinkPad,L14,Gen-5-AMD
ThinkPad,L14,Gen-5-Intel
ThinkPad,L15,Gen-4-AMD
ThinkPad,L15,Gen-4-Intel
ThinkPad,L16,Gen-1-AMD
ThinkPad,L16,Gen-1-Intel
ThinkPad,P1,Gen-6
ThinkPad,P1,Gen-6
ThinkPad,P1,Gen-7
ThinkPad,P14s,Gen-4-AMD
ThinkPad,P14s,Gen-4-Intel
ThinkPad,P14s,Gen-5-AMD
ThinkPad,P14s,Gen-5-Intel
ThinkPad,P14s,Gen-6-AMD
ThinkPad,P16,Gen-2
ThinkPad,P16s,Gen-2-AMD
ThinkPad,P16s,Gen-2-Intel
ThinkPad,P16s,Gen-3-Intel
ThinkPad,P16s,Gen-4-AMD
ThinkPad,P16v,Gen-1-AMD
ThinkPad,P16v,Gen-1-Intel
ThinkPad,P16v,Gen-2-Intel
ThinkPad,T14,Gen-4-AMD
ThinkPad,T14,Gen-4-AMD
ThinkPad,T14,Gen-4-Intel
ThinkPad,T14,Gen-5-AMD
ThinkPad,T14,Gen-5-Intel
ThinkPad,T14,Gen-6-AMD
ThinkPad,T14s,Gen-4-AMD
ThinkPad,T14s,Gen-4-Intel
ThinkPad,T14s,Gen-5
ThinkPad,T14s,Gen-6-AMD
ThinkPad,T14s,Gen-6-Intel
ThinkPad,T14s,Gen-6-Snapdragon
ThinkPad,T16,Gen-2-AMD
ThinkPad,T16,Gen-2-Intel
ThinkPad,T16,Gen-3
ThinkPad,T16,Gen-4-AMD
ThinkPad,X13,2-in-1-Gen-5
ThinkPad,X13,2-in-1-Gen-5
ThinkPad,X13,Gen-4-AMD
ThinkPad,X13,Gen-4-Intel
ThinkPad,X13,Gen-5
ThinkPad,X13,Yoga-Gen-4
ThinkPad,X1,2-in-1-Gen-10
ThinkPad,X1,2-in-1-Gen-10
ThinkPad,X1,2-in-1-Gen-9
ThinkPad,X1,Carbon-Gen-11
ThinkPad,X1,Carbon-Gen-12
ThinkPad,X1,Carbon-Gen-13
ThinkPad,X1,Yoga-Gen-8
ThinkPad,X9,14-Gen-1
ThinkPad,X9,14-Gen-1
ThinkPad,X9,15-Gen-1
ThinkBook,13x,G4-IMH
ThinkBook,13x,G4-IMH
ThinkBook,14,2-in-1-G4-IML
ThinkBook,14,2-in-1-G5-IAU
ThinkBook,14,G6-ABP
ThinkBook,14,G6-IRL
ThinkBook,14,G6plus-IMH
ThinkBook,14,G7-ARP
ThinkBook,14,G7-IML
ThinkBook,14,G8-IAL
ThinkBook,14,G8-IRL
ThinkBook,16,G6-ABP
ThinkBook,16,G6-IRL
ThinkBook,16,G7-ARP
ThinkBook,16,G7-IML
ThinkBook,16,G7-QOY
ThinkBook,16,G7plus-ASP
ThinkBook,16,G8-IAL
ThinkBook,16,G8-IRL
ThinkBook,16p,G5-IRX
ThinkBook,Plus,G5-Hybrid-Station-Hybrid-Tab
ThinkBook,Plus,G5-Hybrid-Station-Hybrid-Tab
IdeaPad,1,14ALC7
IdeaPad,1,14ALC7
IdeaPad,1,14AMN7
IdeaPad,1,14IGL7
IdeaPad,1,14IJL7
IdeaPad,1,15ALC7
IdeaPad,1,15AMN7
IdeaPad,1,15IJL7
IdeaPad,1,15IRU7
IdeaPad,3,14IAU7
IdeaPad,3,14IAU7
IdeaPad,3,15IAU7
IdeaPad,3,17IAU7
IdeaPad,3,17IRU7
IdeaPad,3,Chrome-15IJL6
IdeaPad,Slim,3-14ABR8
IdeaPad,Slim,3-14ABR8
IdeaPad,Slim,3-14AHP10
IdeaPad,Slim,3-14AMN8
IdeaPad,Slim,3-14ARP10
IdeaPad,Slim,3-14IAH8
IdeaPad,Slim,3-14IAN8
IdeaPad,Slim,3-14IRH10
IdeaPad,Slim,3-14IRH10R
IdeaPad,Slim,3-14IRH8
IdeaPad,Slim,3-14IRU10
IdeaPad,Slim,3-14IRU8
IdeaPad,Slim,3-14IRU9
IdeaPad,Slim,3-14ITN9
IdeaPad,Slim,3-15ABR8
IdeaPad,Slim,3-15AHP10
IdeaPad,Slim,3-15AMN8
IdeaPad,Slim,3-15ARP10
IdeaPad,Slim,3-15IAH8
IdeaPad,Slim,3-15IAN8
IdeaPad,Slim,3-15IRH10
IdeaPad,Slim,3-15IRH10R
IdeaPad,Slim,3-15IRH8
IdeaPad,Slim,3-15IRU10
IdeaPad,Slim,3-15IRU8
IdeaPad,Slim,3-15IRU9
IdeaPad,Slim,3-15ITN9
IdeaPad,Slim,3-15Q8X10
IdeaPad,Slim,3-16ABR8
IdeaPad,Slim,3-16AHP10
IdeaPad,Slim,3-16ARP10
IdeaPad,Slim,3-16IAH8
IdeaPad,Slim,3-16IRH10
IdeaPad,Slim,3-16IRH10R
IdeaPad,Slim,3-16IRH8
IdeaPad,Slim,3-16IRU8
IdeaPad,Slim,3-16IRU9
IP,Slim,3-Chrome-14IAN8
IP,Slim,3-Chrome-14M868
IdeaPad,5,2-in-1-14AHP9
IdeaPad,5,2-in-1-14AHP9
IdeaPad,5,2-in-1-14AKP10
IdeaPad,5,2-in-1-14IAL10
IdeaPad,5,2-in-1-14IRH9
IdeaPad,5,2-in-1-14IRU9
IdeaPad,5,2-in-1-14Q8X9
IdeaPad,5,2-in-1-16AHP9
IdeaPad,5,2-in-1-16AKP10
IdeaPad,5,2-in-1-16IAL10
IdeaPad,5,2-in-1-16IRU9
IdeaPad,Slim,5-13ARP10
IdeaPad,Slim,5-13ARP10
IdeaPad,Slim,5-14AHP10
IdeaPad,Slim,5-14AHP9
IdeaPad,Slim,5-14AKP10
IdeaPad,Slim,5-14ARP10
IdeaPad,Slim,5-14IAH10
IdeaPad,Slim,5-14IMH9
IdeaPad,Slim,5-14IRH10
IdeaPad,Slim,5-14IRH10R
IdeaPad,Slim,5-14IRU9
IdeaPad,Slim,5-14Q8X9
IdeaPad,Slim,5-15ARP10
IdeaPad,Slim,5-15IRH9
IdeaPad,Slim,5-15IRH9R
IdeaPad,Slim,5-15IRU9
IdeaPad,Slim,5-16ABR8
IdeaPad,Slim,5-16AHP10
IdeaPad,Slim,5-16AHP9
IdeaPad,Slim,5-16AKP10
IdeaPad,Slim,5-16ARP10
IdeaPad,Slim,5-16IAH10
IdeaPad,Slim,5-16IAH8
IdeaPad,Slim,5-16IMH9
IdeaPad,Slim,5-16IRH10
IdeaPad,Slim,5-16IRH10R
IdeaPad,Slim,5-16IRU9
IdeaPad,Pro,5-14AHP9
IdeaPad,Pro,5-14AHP9
IdeaPad,Pro,5-14AKP10
IdeaPad,Pro,5-14ASP10
IdeaPad,Pro,5-14IAH10
IdeaPad,Pro,5-14IMH9
IdeaPad,Pro,5-16AHP9
IdeaPad,Pro,5-16AKP10
IdeaPad,Pro,5-16ASP10
IdeaPad,Pro,5-16IAH10
IdeaPad,Pro,5-16IMH9
IdeaPad,Duet,3-11IAN8
IdeaPad,Duet,3-11IAN8
IdeaPad,Duet,5-12IRU8
IP,Duet,5-Chromebook-13Q7C6
IdeaPad,Flex,5-14ABR8
IdeaPad,Flex,5-14ABR8
IdeaPad,Flex,5-14IAU7
IdeaPad,Flex,5-16ABR8
IdeaPad,Flex,5-16IRU8
IP,Flex,3-Chrome-12IAN8
IP,Flex,3-Chrome-15IJL7
IP,Flex,5-Chrome-14IAU7-Plus
Legion,5,15APH9
Legion,5,15APH9
Legion,5,15ARP8
Legion,5,15IRX9
Legion,5,16IRX9
Legion,Slim,5-14APH8
Legion,Slim,5-14APH8
Legion,Slim,5-16AHP9
Legion,Slim,5-16APH8
Legion,Slim,5-16ARP9
Legion,Slim,5-16IRH8
Legion,5,Pro-16IAH7H
Legion,5,Pro-16IAH7H
Legion,Pro,5-16ARX8
Legion,Pro,5-16IRX8
Legion,Pro,5-16IRX9
Legion,7,16ARHA7
Legion,7,16ARHA7
Legion,7,16IAX7
Legion,7,16IRX9
Legion,Slim,7-16APH8
Legion,Slim,7-16APH8
Legion,Slim,7-16IRH8
Legion,Pro,7-16ARX8H
Legion,Pro,7-16ARX8H
Legion,Pro,7-16IAX10H
Legion,Pro,7-16IRX8
Legion,Pro,7-16IRX8H
Legion,Pro,7-16IRX9H
Legion,9,16IRX8
Legion,9,16IRX8
Legion,9,16IRX9
Legion,Go,8APU1
Legion,Go,8APU1
Legion,Go,S-8APU1
Legion,Go,S-8ARP1
Yoga,7,16IRL8
Yoga,7,16IRL8
Yoga,7,2-in-1-14AHP9
Yoga,7,2-in-1-14AKP10
Yoga,7,2-in-1-14ILL10
Yoga,7,2-in-1-14IML9
Yoga,7,2-in-1-16AHP9
Yoga,7,2-in-1-16AKP10
Yoga,7,2-in-1-16ILL10
Yoga,7,2-in-1-16IML9
Yoga,Slim,7-14AKP10
Yoga,Slim,7-14AKP10
Yoga,Slim,7-14ILL10
Yoga,Slim,7-14IMH9
Yoga,Slim,7-14Q8X9
Yoga,Slim,7-15ILL9
Yoga,Pro,7-14AHP9
Yoga,Pro,7-14AHP9
Yoga,Pro,7-14AKP10
Yoga,Pro,7-14ASP10
Yoga,Pro,7-14ASP9
Yoga,Pro,7-14IAH10
Yoga,Pro,7-14IMH9
Yoga,Pro,7-14IRH8
Yoga,9,2-in-1-14ILL10
Yoga,9,2-in-1-14ILL10
Yoga,9,2-in-1-14IMH9
Yoga,Slim,9-14ILL10
Yoga,Slim,9-14ILL10
Yoga,Pro,9-16IMH9
Yoga,Pro,9-16IMH9
Yoga,Book,9-13IMU9
Yoga,Book,9-13IMU9
Yoga,Book,9-14IAH10
Lenovo,13w,2-in-1-Gen-3
Lenovo,13w,2-in-1-Gen-3
Lenovo,13w,Yoga
Lenovo,13w,Yoga-Gen-2
Lenovo,14e,Chromebook-Gen-2
Lenovo,14e,Chromebook-Gen-2
Lenovo,14e,Chromebook-Gen-3
Lenovo,14w,Gen-2
Lenovo,100e,Chromebook-Gen-3
Lenovo,100e,Chromebook-Gen-3
Lenovo,100e,Chromebook-Gen-3-AMD
Lenovo,100e,Chromebook-Gen-4
Lenovo,100e,Chromebook-Gen-4-Intel
Lenovo,100w,Gen-3-AMD
Lenovo,100w,Gen-4
Lenovo,100w,Gen-5
Lenovo,300e,Yoga-Chromebook-Gen-4
Lenovo,300e,Yoga-Chromebook-Gen-4
Lenovo,300w,2-in-1-Gen-5
Lenovo,300w,Gen-3-AMD
Lenovo,300w,Yoga-Gen-4
Lenovo,500e,Chromebook-Gen-3-Intel
Lenovo,500e,Chromebook-Gen-3-Intel
Lenovo,500e,Chromebook-Gen-4s
Lenovo,500e,Yoga-Chromebook-Gen-4
Lenovo,500w,2-in-1-Gen-5
Lenovo,500w,Gen-3-Intel
Lenovo,500w,Yoga-Gen-4
Lenovo,Chrome,2in1-14IRU10
Lenovo,Chrome,2in1-14IRU10
Lenovo,Chromebook,11IJL9
Lenovo,Chromebook,Duet-11M889
Lenovo,Chromebook,Duet-11M889
Lenovo,Chromebook,Duet-EDU-G2
Lenovo,Flex5,Chrome-14IAU
Lenovo,Flex5,Chrome-14IAU
Lenovo,K14,Gen-2
Lenovo,K14,Gen-2
Lenovo,K14,Gen-3
Lenovo,V14,G3-IAP
Lenovo,V14,G3-IAP
Lenovo,V14,G4-ABP
Lenovo,V14,G4-AMN
Lenovo,V14,G4-IAN
Lenovo,V14,G4-IRU
Lenovo,V14,G5-IRL
Lenovo,V15,G2-IJL
Lenovo,V15,G3-IAP
Lenovo,V15,G4-ABP
Lenovo,V15,G4-AMN
Lenovo,V15,G4-IAN
Lenovo,V15,G4-IRU
Lenovo,V15,G5-IRL
Lenovo,V15,G6-ITN
Lenovo,V17,G4-IRU
Lenovo,Slim,7-14ILL10
Lenovo,Slim,7-14ILL10
Lenovo,Slim,7-14IMH9